image_name,xmin,ymin,xmax,ymax,class_id
/content/drive/My Drive/Capstone project/SSD/Training/Asymmetrical_Open-Front_Blazer/img_00000001.jpg,19,76,193,300,1
/content/drive/My Drive/Capstone project/SSD/Training/Asymmetrical_Open-Front_Blazer/img_00000003.jpg,28,47,164,227,1
/content/drive/My Drive/Capstone project/SSD/Training/Asymmetrical_Open-Front_Blazer/img_00000005.jpg,76,49,240,293,1
/content/drive/My Drive/Capstone project/SSD/Training/Asymmetrical_Open-Front_Blazer/img_00000007.jpg,53,13,269,253,1
/content/drive/My Drive/Capstone project/SSD/Training/Asymmetrical_Open-Front_Blazer/img_00000008.jpg,20,46,164,261,1
/content/drive/My Drive/Capstone project/SSD/Training/Asymmetrical_Open-Front_Blazer/img_00000009.jpg,9,41,156,282,1
/content/drive/My Drive/Capstone project/SSD/Training/Asymmetrical_Open-Front_Blazer/img_00000010.jpg,1,17,240,282,1
/content/drive/My Drive/Capstone project/SSD/Training/Asymmetrical_Open-Front_Blazer/img_00000013.jpg,80,50,225,235,1
/content/drive/My Drive/Capstone project/SSD/Training/Asymmetrical_Open-Front_Blazer/img_00000014.jpg,68,46,254,288,1
/content/drive/My Drive/Capstone project/SSD/Training/Asymmetrical_Open-Front_Blazer/img_00000015.jpg,42,54,188,259,1
/content/drive/My Drive/Capstone project/SSD/Training/Asymmetrical_Open-Front_Blazer/img_00000016.jpg,34,60,222,299,1
/content/drive/My Drive/Capstone project/SSD/Training/Asymmetrical_Open-Front_Blazer/img_00000020.jpg,30,1,281,287,1
/content/drive/My Drive/Capstone project/SSD/Training/Asymmetrical_Open-Front_Blazer/img_00000021.jpg,45,53,184,243,1
/content/drive/My Drive/Capstone project/SSD/Training/Asymmetrical_Open-Front_Blazer/img_00000022.jpg,34,68,178,278,1
/content/drive/My Drive/Capstone project/SSD/Training/Asymmetrical_Open-Front_Blazer/img_00000023.jpg,15,14,189,246,1
/content/drive/My Drive/Capstone project/SSD/Training/Asymmetrical_Open-Front_Blazer/img_00000024.jpg,89,45,216,187,1
/content/drive/My Drive/Capstone project/SSD/Training/Asymmetrical_Open-Front_Blazer/img_00000027.jpg,170,48,300,300,1
/content/drive/My Drive/Capstone project/SSD/Training/Asymmetrical_Open-Front_Blazer/img_00000028.jpg,26,69,213,300,1
/content/drive/My Drive/Capstone project/SSD/Training/Asymmetrical_Open-Front_Blazer/img_00000029.jpg,46,59,219,275,1
/content/drive/My Drive/Capstone project/SSD/Training/Asymmetrical_Open-Front_Blazer/img_00000030.jpg,56,1,157,211,1
/content/drive/My Drive/Capstone project/SSD/Training/Asymmetrical_Open-Front_Blazer/img_00000031.jpg,55,39,234,300,1
/content/drive/My Drive/Capstone project/SSD/Training/Asymmetrical_Open-Front_Blazer/img_00000033.jpg,1,1,225,300,1
/content/drive/My Drive/Capstone project/SSD/Training/Asymmetrical_Open-Front_Blazer/img_00000034.jpg,35,1,273,284,1
/content/drive/My Drive/Capstone project/SSD/Training/Asymmetrical_Open-Front_Blazer/img_00000035.jpg,32,1,277,299,1
/content/drive/My Drive/Capstone project/SSD/Training/Asymmetrical_Open-Front_Blazer/img_00000036.jpg,16,55,196,259,1
/content/drive/My Drive/Capstone project/SSD/Training/Asymmetrical_Open-Front_Blazer/img_00000037.jpg,38,11,211,208,1
/content/drive/My Drive/Capstone project/SSD/Training/Asymmetrical_Open-Front_Blazer/img_00000038.jpg,24,39,175,226,1
/content/drive/My Drive/Capstone project/SSD/Training/Asymmetrical_Open-Front_Blazer/img_00000039.jpg,26,48,139,209,1
/content/drive/My Drive/Capstone project/SSD/Training/Asymmetrical_Open-Front_Blazer/img_00000041.jpg,57,1,211,300,1
/content/drive/My Drive/Capstone project/SSD/Training/Asymmetrical_Open-Front_Blazer/img_00000042.jpg,1,1,200,241,1
/content/drive/My Drive/Capstone project/SSD/Training/Asymmetrical_Open-Front_Blazer/img_00000043.jpg,17,1,228,272,1
/content/drive/My Drive/Capstone project/SSD/Training/Asymmetrical_Open-Front_Blazer/img_00000044.jpg,26,46,219,297,1
/content/drive/My Drive/Capstone project/SSD/Training/Asymmetrical_Open-Front_Blazer/img_00000045.jpg,16,50,180,282,1
/content/drive/My Drive/Capstone project/SSD/Training/Asymmetrical_Open-Front_Blazer/img_00000046.jpg,23,52,173,292,1
/content/drive/My Drive/Capstone project/SSD/Training/Asymmetrical_Open-Front_Blazer/img_00000047.jpg,11,1,196,276,1
/content/drive/My Drive/Capstone project/SSD/Training/Asymmetrical_Open-Front_Blazer/img_00000048.jpg,72,36,161,158,1
/content/drive/My Drive/Capstone project/SSD/Training/Asymmetrical_Open-Front_Blazer/img_00000050.jpg,47,27,190,217,1
/content/drive/My Drive/Capstone project/SSD/Training/Asymmetrical_Open-Front_Blazer/img_00000052.jpg,15,5,178,284,1
/content/drive/My Drive/Capstone project/SSD/Training/Asymmetrical_Open-Front_Blazer/img_00000053.jpg,10,51,155,289,1
/content/drive/My Drive/Capstone project/SSD/Training/Asymmetrical_Open-Front_Blazer/img_00000055.jpg,1,1,179,242,1
/content/drive/My Drive/Capstone project/SSD/Training/Asymmetrical_Open-Front_Blazer/img_00000056.jpg,53,1,256,277,1
/content/drive/My Drive/Capstone project/SSD/Training/Asymmetrical_Open-Front_Blazer/img_00000057.jpg,39,50,176,265,1
/content/drive/My Drive/Capstone project/SSD/Training/Asymmetrical_Open-Front_Blazer/img_00000058.jpg,33,1,285,300,1
/content/drive/My Drive/Capstone project/SSD/Training/Asymmetrical_Open-Front_Blazer/img_00000061.jpg,31,44,194,285,1
/content/drive/My Drive/Capstone project/SSD/Training/Asymmetrical_Open-Front_Blazer/img_00000062.jpg,28,1,270,300,1
/content/drive/My Drive/Capstone project/SSD/Training/Asymmetrical_Open-Front_Blazer/img_00000064.jpg,28,49,173,284,1
/content/drive/My Drive/Capstone project/SSD/Training/Asymmetrical_Open-Front_Blazer/img_00000065.jpg,77,33,161,154,1
/content/drive/My Drive/Capstone project/SSD/Training/Asymmetrical_Open-Front_Blazer/img_00000067.jpg,53,4,169,159,1
/content/drive/My Drive/Capstone project/SSD/Training/Asymmetrical_Open-Front_Blazer/img_00000068.jpg,2,8,192,271,1
/content/drive/My Drive/Capstone project/SSD/Training/Asymmetrical_Open-Front_Blazer/img_00000070.jpg,7,1,218,276,1
/content/drive/My Drive/Capstone project/SSD/Training/Asymmetrical_Open-Front_Blazer/img_00000071.jpg,1,1,200,286,1
/content/drive/My Drive/Capstone project/SSD/Training/Asymmetrical_Open-Front_Blazer/img_00000072.jpg,17,48,175,242,1
/content/drive/My Drive/Capstone project/SSD/Training/Asymmetrical_Open-Front_Blazer/img_00000073.jpg,34,52,172,231,1
/content/drive/My Drive/Capstone project/SSD/Training/Asymmetrical_Open-Front_Blazer/img_00000074.jpg,24,74,158,279,1
/content/drive/My Drive/Capstone project/SSD/Training/Asymmetrical_Open-Front_Blazer/img_00000075.jpg,69,31,177,250,1
/content/drive/My Drive/Capstone project/SSD/Training/Asymmetrical_Open-Front_Blazer/img_00000076.jpg,1,1,230,290,1
/content/drive/My Drive/Capstone project/SSD/Training/Asymmetrical_Open-Front_Blazer/img_00000078.jpg,7,7,171,226,1
/content/drive/My Drive/Capstone project/SSD/Training/Asymmetrical_Open-Front_Blazer/img_00000079.jpg,1,20,170,276,1
/content/drive/My Drive/Capstone project/SSD/Training/Asymmetrical_Open-Front_Blazer/img_00000080.jpg,33,16,293,272,1
/content/drive/My Drive/Capstone project/SSD/Training/Asymmetrical_Open-Front_Blazer/img_00000081.jpg,45,16,259,284,1
/content/drive/My Drive/Capstone project/SSD/Training/Asymmetrical_Open-Front_Blazer/img_00000082.jpg,54,60,197,249,1
/content/drive/My Drive/Capstone project/SSD/Training/Asymmetrical_Open-Front_Blazer/img_00000084.jpg,26,35,180,300,1
/content/drive/My Drive/Capstone project/SSD/Training/Asymmetrical_Open-Front_Blazer/img_00000086.jpg,43,55,215,252,1
/content/drive/My Drive/Capstone project/SSD/Training/Asymmetrical_Open-Front_Blazer/img_00000087.jpg,1,11,225,255,1
/content/drive/My Drive/Capstone project/SSD/Training/Asymmetrical_Open-Front_Blazer/img_00000088.jpg,47,41,246,276,1
/content/drive/My Drive/Capstone project/SSD/Training/Asymmetrical_Open-Front_Blazer/img_00000091.jpg,9,17,173,300,1
/content/drive/My Drive/Capstone project/SSD/Training/Asymmetrical_Open-Front_Blazer/img_00000092.jpg,15,54,217,289,1
/content/drive/My Drive/Capstone project/SSD/Training/Asymmetrical_Open-Front_Blazer/img_00000093.jpg,20,49,172,299,1
/content/drive/My Drive/Capstone project/SSD/Training/Asymmetrical_Open-Front_Blazer/img_00000094.jpg,40,39,268,279,1
/content/drive/My Drive/Capstone project/SSD/Training/Asymmetrical_Open-Front_Blazer/img_00000095.jpg,46,1,156,165,1
/content/drive/My Drive/Capstone project/SSD/Training/Asymmetrical_Open-Front_Blazer/img_00000096.jpg,98,43,212,221,1
/content/drive/My Drive/Capstone project/SSD/Training/Asymmetrical_Open-Front_Blazer/img_00000098.jpg,41,67,192,277,1
/content/drive/My Drive/Capstone project/SSD/Training/Asymmetrical_Open-Front_Blazer/img_00000099.jpg,1,1,204,252,1
/content/drive/My Drive/Capstone project/SSD/Training/Asymmetrical_Open-Front_Blazer/img_00000100.jpg,70,62,240,280,1
/content/drive/My Drive/Capstone project/SSD/Training/Asymmetrical_Open-Front_Blazer/img_00000101.jpg,32,70,214,300,1
/content/drive/My Drive/Capstone project/SSD/Training/Asymmetrical_Open-Front_Blazer/img_00000104.jpg,81,51,271,282,1
/content/drive/My Drive/Capstone project/SSD/Training/Asymmetrical_Open-Front_Blazer/img_00000105.jpg,28,3,231,300,1
/content/drive/My Drive/Capstone project/SSD/Training/Asymmetrical_Open-Front_Blazer/img_00000107.jpg,1,1,200,268,1
/content/drive/My Drive/Capstone project/SSD/Training/Asymmetrical_Open-Front_Blazer/img_00000108.jpg,25,68,185,276,1
/content/drive/My Drive/Capstone project/SSD/Training/Asymmetrical_Open-Front_Blazer/img_00000109.jpg,46,65,213,269,1
/content/drive/My Drive/Capstone project/SSD/Training/Asymmetrical_Open-Front_Blazer/img_00000110.jpg,22,16,238,278,1
/content/drive/My Drive/Capstone project/SSD/Training/Asymmetrical_Open-Front_Blazer/img_00000112.jpg,88,47,213,237,1
/content/drive/My Drive/Capstone project/SSD/Training/Asymmetrical_Open-Front_Blazer/img_00000113.jpg,75,53,218,283,1
/content/drive/My Drive/Capstone project/SSD/Training/Asymmetrical_Open-Front_Blazer/img_00000114.jpg,2,23,199,268,1
/content/drive/My Drive/Capstone project/SSD/Training/Asymmetrical_Open-Front_Blazer/img_00000115.jpg,99,108,213,229,1
/content/drive/My Drive/Capstone project/SSD/Training/Asymmetrical_Open-Front_Blazer/img_00000116.jpg,18,43,192,286,1
/content/drive/My Drive/Capstone project/SSD/Training/Asymmetrical_Open-Front_Blazer/img_00000117.jpg,80,21,225,207,1
/content/drive/My Drive/Capstone project/SSD/Training/Asymmetrical_Open-Front_Blazer/img_00000118.jpg,30,60,152,231,1
/content/drive/My Drive/Capstone project/SSD/Training/Asymmetrical_Open-Front_Blazer/img_00000119.jpg,28,57,191,263,1
/content/drive/My Drive/Capstone project/SSD/Training/Asymmetrical_Open-Front_Blazer/img_00000120.jpg,1,1,200,273,1
/content/drive/My Drive/Capstone project/SSD/Training/Asymmetrical_Open-Front_Blazer/img_00000121.jpg,69,34,149,153,1
/content/drive/My Drive/Capstone project/SSD/Training/Asymmetrical_Open-Front_Blazer/img_00000122.jpg,81,58,230,255,1
/content/drive/My Drive/Capstone project/SSD/Training/Asymmetrical_Open-Front_Blazer/img_00000123.jpg,19,5,209,272,1
/content/drive/My Drive/Capstone project/SSD/Training/Zippered_Sleeveless_Hoodie/img_00000002.jpg,19,42,201,272,1
/content/drive/My Drive/Capstone project/SSD/Training/Zippered_Sleeveless_Hoodie/img_00000003.jpg,12,1,290,300,1
/content/drive/My Drive/Capstone project/SSD/Training/Zippered_Sleeveless_Hoodie/img_00000004.jpg,138,6,285,224,1
/content/drive/My Drive/Capstone project/SSD/Training/Zippered_Sleeveless_Hoodie/img_00000005.jpg,25,39,219,281,1
/content/drive/My Drive/Capstone project/SSD/Training/Zippered_Sleeveless_Hoodie/img_00000006.jpg,1,67,157,300,1
/content/drive/My Drive/Capstone project/SSD/Training/Zippered_Sleeveless_Hoodie/img_00000007.jpg,84,86,234,300,1
/content/drive/My Drive/Capstone project/SSD/Training/Zippered_Sleeveless_Hoodie/img_00000008.jpg,24,63,140,231,1
/content/drive/My Drive/Capstone project/SSD/Training/Zippered_Sleeveless_Hoodie/img_00000009.jpg,1,20,199,250,1
/content/drive/My Drive/Capstone project/SSD/Training/Zippered_Sleeveless_Hoodie/img_00000010.jpg,1,39,185,280,1
/content/drive/My Drive/Capstone project/SSD/Training/Zippered_Sleeveless_Hoodie/img_00000011.jpg,47,74,196,281,1
/content/drive/My Drive/Capstone project/SSD/Training/Zippered_Sleeveless_Hoodie/img_00000013.jpg,1,22,286,300,1
/content/drive/My Drive/Capstone project/SSD/Training/Zippered_Sleeveless_Hoodie/img_00000014.jpg,49,81,177,252,1
/content/drive/My Drive/Capstone project/SSD/Training/Zippered_Sleeveless_Hoodie/img_00000015.jpg,166,71,287,234,1
/content/drive/My Drive/Capstone project/SSD/Training/Zippered_Sleeveless_Hoodie/img_00000016.jpg,28,57,225,295,1
/content/drive/My Drive/Capstone project/SSD/Training/Zippered_Sleeveless_Hoodie/img_00000018.jpg,70,43,155,163,1
/content/drive/My Drive/Capstone project/SSD/Training/Zippered_Sleeveless_Hoodie/img_00000019.jpg,1,27,155,221,1
/content/drive/My Drive/Capstone project/SSD/Training/Zippered_Sleeveless_Hoodie/img_00000020.jpg,24,69,131,222,1
/content/drive/My Drive/Capstone project/SSD/Training/Zippered_Sleeveless_Hoodie/img_00000021.jpg,136,24,280,213,1
/content/drive/My Drive/Capstone project/SSD/Training/Zippered_Sleeveless_Hoodie/img_00000022.jpg,67,28,198,226,1
/content/drive/My Drive/Capstone project/SSD/Training/Zippered_Sleeveless_Hoodie/img_00000025.jpg,39,24,196,245,1
/content/drive/My Drive/Capstone project/SSD/Training/Zippered_Sleeveless_Hoodie/img_00000026.jpg,21,62,286,293,1
/content/drive/My Drive/Capstone project/SSD/Training/Zippered_Sleeveless_Hoodie/img_00000028.jpg,124,23,213,123,1
/content/drive/My Drive/Capstone project/SSD/Training/Zippered_Sleeveless_Hoodie/img_00000030.jpg,54,28,251,291,1
/content/drive/My Drive/Capstone project/SSD/Training/Zippered_Sleeveless_Hoodie/img_00000031.jpg,1,67,147,262,1
/content/drive/My Drive/Capstone project/SSD/Training/Zippered_Sleeveless_Hoodie/img_00000032.jpg,70,78,221,238,1
/content/drive/My Drive/Capstone project/SSD/Training/Zippered_Sleeveless_Hoodie/img_00000034.jpg,33,30,135,147,1
/content/drive/My Drive/Capstone project/SSD/Training/Zippered_Sleeveless_Hoodie/img_00000037.jpg,3,50,231,300,1
/content/drive/My Drive/Capstone project/SSD/Training/Zippered_Sleeveless_Hoodie/img_00000038.jpg,27,9,231,295,1
/content/drive/My Drive/Capstone project/SSD/Training/Zippered_Sleeveless_Hoodie/img_00000039.jpg,1,10,300,300,1
/content/drive/My Drive/Capstone project/SSD/Training/Zippered_Sleeveless_Hoodie/img_00000040.jpg,37,27,273,300,1
/content/drive/My Drive/Capstone project/SSD/Training/Zippered_Sleeveless_Hoodie/img_00000042.jpg,26,9,248,273,1
/content/drive/My Drive/Capstone project/SSD/Training/Zippered_Sleeveless_Hoodie/img_00000043.jpg,1,61,114,175,1
/content/drive/My Drive/Capstone project/SSD/Training/Zippered_Sleeveless_Hoodie/img_00000044.jpg,64,62,242,300,1
/content/drive/My Drive/Capstone project/SSD/Training/Zippered_Sleeveless_Hoodie/img_00000046.jpg,40,88,194,234,1
/content/drive/My Drive/Capstone project/SSD/Training/Zippered_Sleeveless_Hoodie/img_00000047.jpg,151,89,287,222,1
/content/drive/My Drive/Capstone project/SSD/Training/Zippered_Sleeveless_Hoodie/img_00000048.jpg,1,52,126,225,1
/content/drive/My Drive/Capstone project/SSD/Training/Zippered_Sleeveless_Hoodie/img_00000049.jpg,22,51,216,297,1
/content/drive/My Drive/Capstone project/SSD/Training/Zippered_Sleeveless_Hoodie/img_00000050.jpg,27,21,190,227,1
/content/drive/My Drive/Capstone project/SSD/Training/Zippered_Sleeveless_Hoodie/img_00000051.jpg,67,47,163,158,1
/content/drive/My Drive/Capstone project/SSD/Training/Zippered_Sleeveless_Hoodie/img_00000052.jpg,59,58,198,277,1
/content/drive/My Drive/Capstone project/SSD/Training/Zippered_Sleeveless_Hoodie/img_00000053.jpg,146,45,244,170,1
/content/drive/My Drive/Capstone project/SSD/Training/Zippered_Sleeveless_Hoodie/img_00000056.jpg,19,71,176,242,1
/content/drive/My Drive/Capstone project/SSD/Training/Zippered_Sleeveless_Hoodie/img_00000057.jpg,1,25,180,282,1
/content/drive/My Drive/Capstone project/SSD/Training/Zippered_Sleeveless_Hoodie/img_00000058.jpg,70,78,156,183,1
/content/drive/My Drive/Capstone project/SSD/Training/Zippered_Sleeveless_Hoodie/img_00000059.jpg,1,47,95,168,1
/content/drive/My Drive/Capstone project/SSD/Training/Zippered_Sleeveless_Hoodie/img_00000060.jpg,69,52,182,163,1
/content/drive/My Drive/Capstone project/SSD/Training/Zippered_Sleeveless_Hoodie/img_00000062.jpg,65,32,238,271,1
/content/drive/My Drive/Capstone project/SSD/Training/Abstract-Plaid_Ruffled_Bell_Sleeve_Top/img_00000001.jpg,31,76,104,176,1
/content/drive/My Drive/Capstone project/SSD/Training/Abstract-Plaid_Ruffled_Bell_Sleeve_Top/img_00000002.jpg,119,78,210,192,1
/content/drive/My Drive/Capstone project/SSD/Training/Abstract-Plaid_Ruffled_Bell_Sleeve_Top/img_00000003.jpg,80,101,230,291,1
/content/drive/My Drive/Capstone project/SSD/Training/Abstract-Plaid_Ruffled_Bell_Sleeve_Top/img_00000005.jpg,25,85,175,230,1
/content/drive/My Drive/Capstone project/SSD/Training/Abstract-Plaid_Ruffled_Bell_Sleeve_Top/img_00000006.jpg,19,115,173,220,1
/content/drive/My Drive/Capstone project/SSD/Training/Abstract-Plaid_Ruffled_Bell_Sleeve_Top/img_00000007.jpg,15,99,204,296,1
/content/drive/My Drive/Capstone project/SSD/Training/Abstract-Plaid_Ruffled_Bell_Sleeve_Top/img_00000009.jpg,17,75,181,269,1
/content/drive/My Drive/Capstone project/SSD/Training/Abstract-Plaid_Ruffled_Bell_Sleeve_Top/img_00000010.jpg,29,91,183,276,1
/content/drive/My Drive/Capstone project/SSD/Training/Abstract-Plaid_Ruffled_Bell_Sleeve_Top/img_00000011.jpg,64,83,239,262,1
/content/drive/My Drive/Capstone project/SSD/Training/Abstract-Plaid_Ruffled_Bell_Sleeve_Top/img_00000012.jpg,15,91,176,262,1
/content/drive/My Drive/Capstone project/SSD/Training/Abstract-Plaid_Ruffled_Bell_Sleeve_Top/img_00000013.jpg,59,47,151,198,1
/content/drive/My Drive/Capstone project/SSD/Training/Abstract-Plaid_Ruffled_Bell_Sleeve_Top/img_00000014.jpg,29,76,187,244,1
/content/drive/My Drive/Capstone project/SSD/Training/Abstract-Plaid_Ruffled_Bell_Sleeve_Top/img_00000016.jpg,54,53,164,226,1
/content/drive/My Drive/Capstone project/SSD/Training/Abstract-Plaid_Ruffled_Bell_Sleeve_Top/img_00000018.jpg,8,85,180,196,1
/content/drive/My Drive/Capstone project/SSD/Training/Abstract-Plaid_Ruffled_Bell_Sleeve_Top/img_00000020.jpg,61,15,233,287,1
/content/drive/My Drive/Capstone project/SSD/Training/Abstract-Plaid_Ruffled_Bell_Sleeve_Top/img_00000023.jpg,36,90,202,274,1
/content/drive/My Drive/Capstone project/SSD/Training/Abstract-Plaid_Ruffled_Bell_Sleeve_Top/img_00000024.jpg,22,94,207,249,1
/content/drive/My Drive/Capstone project/SSD/Training/Abstract-Plaid_Ruffled_Bell_Sleeve_Top/img_00000026.jpg,66,74,148,271,1
/content/drive/My Drive/Capstone project/SSD/Training/Abstract-Plaid_Ruffled_Bell_Sleeve_Top/img_00000027.jpg,52,40,182,218,1
/content/drive/My Drive/Capstone project/SSD/Training/Abstract-Plaid_Ruffled_Bell_Sleeve_Top/img_00000029.jpg,69,73,225,278,1
/content/drive/My Drive/Capstone project/SSD/Training/Abstract-Plaid_Ruffled_Bell_Sleeve_Top/img_00000030.jpg,1,93,178,239,1
/content/drive/My Drive/Capstone project/SSD/Training/Abstract-Plaid_Ruffled_Bell_Sleeve_Top/img_00000031.jpg,19,55,150,285,1
/content/drive/My Drive/Capstone project/SSD/Training/Abstract-Plaid_Ruffled_Bell_Sleeve_Top/img_00000033.jpg,116,45,169,130,1
/content/drive/My Drive/Capstone project/SSD/Training/Abstract-Plaid_Ruffled_Bell_Sleeve_Top/img_00000034.jpg,39,97,173,259,1
/content/drive/My Drive/Capstone project/SSD/Training/Abstract-Plaid_Ruffled_Bell_Sleeve_Top/img_00000035.jpg,74,81,230,205,1
/content/drive/My Drive/Capstone project/SSD/Training/Abstract-Plaid_Ruffled_Bell_Sleeve_Top/img_00000036.jpg,36,60,144,189,1
/content/drive/My Drive/Capstone project/SSD/Training/Abstract-Plaid_Ruffled_Bell_Sleeve_Top/img_00000039.jpg,8,89,172,285,1
/content/drive/My Drive/Capstone project/SSD/Training/Abstract-Plaid_Ruffled_Bell_Sleeve_Top/img_00000040.jpg,2,100,192,227,1
/content/drive/My Drive/Capstone project/SSD/Training/Abstract-Plaid_Ruffled_Bell_Sleeve_Top/img_00000041.jpg,16,77,154,256,1
/content/drive/My Drive/Capstone project/SSD/Training/Abstract-Plaid_Ruffled_Bell_Sleeve_Top/img_00000043.jpg,65,76,251,273,1
/content/drive/My Drive/Capstone project/SSD/Training/Abstract-Plaid_Ruffled_Bell_Sleeve_Top/img_00000044.jpg,1,71,142,192,1
/content/drive/My Drive/Capstone project/SSD/Training/Abstract-Quilted_Drawstring_Hoodie/img_00000001.jpg,25,69,189,287,1
/content/drive/My Drive/Capstone project/SSD/Training/Abstract-Quilted_Drawstring_Hoodie/img_00000002.jpg,46,73,189,251,1
/content/drive/My Drive/Capstone project/SSD/Training/Abstract-Quilted_Drawstring_Hoodie/img_00000003.jpg,26,63,178,188,1
/content/drive/My Drive/Capstone project/SSD/Training/Abstract-Quilted_Drawstring_Hoodie/img_00000004.jpg,47,51,133,175,1
/content/drive/My Drive/Capstone project/SSD/Training/Abstract-Quilted_Drawstring_Hoodie/img_00000005.jpg,59,57,186,198,1
/content/drive/My Drive/Capstone project/SSD/Training/Abstract-Quilted_Drawstring_Hoodie/img_00000008.jpg,41,75,205,297,1
/content/drive/My Drive/Capstone project/SSD/Training/Abstract-Quilted_Drawstring_Hoodie/img_00000009.jpg,88,53,186,259,1
/content/drive/My Drive/Capstone project/SSD/Training/Abstract-Quilted_Drawstring_Hoodie/img_00000010.jpg,10,40,132,202,1
/content/drive/My Drive/Capstone project/SSD/Training/Abstract-Quilted_Drawstring_Hoodie/img_00000012.jpg,8,64,202,300,1
/content/drive/My Drive/Capstone project/SSD/Training/Abstract-Quilted_Drawstring_Hoodie/img_00000013.jpg,19,40,133,176,1
/content/drive/My Drive/Capstone project/SSD/Training/Abstract-Quilted_Drawstring_Hoodie/img_00000015.jpg,9,16,190,244,1
/content/drive/My Drive/Capstone project/SSD/Training/Abstract-Quilted_Drawstring_Hoodie/img_00000017.jpg,35,59,160,250,1
/content/drive/My Drive/Capstone project/SSD/Training/Abstract-Quilted_Drawstring_Hoodie/img_00000020.jpg,26,42,160,205,1
/content/drive/My Drive/Capstone project/SSD/Training/Abstract-Quilted_Drawstring_Hoodie/img_00000022.jpg,35,61,169,280,1
/content/drive/My Drive/Capstone project/SSD/Training/Abstract-Quilted_Drawstring_Hoodie/img_00000024.jpg,61,78,213,300,1
/content/drive/My Drive/Capstone project/SSD/Training/Abstract-Quilted_Drawstring_Hoodie/img_00000025.jpg,34,48,162,228,1
/content/drive/My Drive/Capstone project/SSD/Training/Abstract-Quilted_Drawstring_Hoodie/img_00000028.jpg,19,64,183,254,1
/content/drive/My Drive/Capstone project/SSD/Training/Abstract-Quilted_Drawstring_Hoodie/img_00000029.jpg,6,52,152,227,1
/content/drive/My Drive/Capstone project/SSD/Training/Abstract-Quilted_Drawstring_Hoodie/img_00000030.jpg,85,45,248,280,1
/content/drive/My Drive/Capstone project/SSD/Training/Abstract-Quilted_Drawstring_Hoodie/img_00000032.jpg,10,45,138,200,1
/content/drive/My Drive/Capstone project/SSD/Training/Abstract-Quilted_Drawstring_Hoodie/img_00000033.jpg,17,42,132,200,1
/content/drive/My Drive/Capstone project/SSD/Training/Abstract-Quilted_Drawstring_Hoodie/img_00000034.jpg,26,57,176,237,1
/content/drive/My Drive/Capstone project/SSD/Training/Abstract-Quilted_Drawstring_Hoodie/img_00000036.jpg,17,61,185,270,1
/content/drive/My Drive/Capstone project/SSD/Training/Abstract-Quilted_Drawstring_Hoodie/img_00000037.jpg,19,41,128,200,1
/content/drive/My Drive/Capstone project/SSD/Training/Abstract-Quilted_Drawstring_Hoodie/img_00000039.jpg,8,65,174,285,1
/content/drive/My Drive/Capstone project/SSD/Training/Abstract-Quilted_Drawstring_Hoodie/img_00000041.jpg,14,70,201,300,1
/content/drive/My Drive/Capstone project/SSD/Training/Abstract-Quilted_Drawstring_Hoodie/img_00000042.jpg,36,50,142,248,1
/content/drive/My Drive/Capstone project/SSD/Training/Abstract-Quilted_Drawstring_Hoodie/img_00000044.jpg,39,65,196,272,1
/content/drive/My Drive/Capstone project/SSD/Training/Abstract-Quilted_Drawstring_Hoodie/img_00000045.jpg,14,55,120,221,1
/content/drive/My Drive/Capstone project/SSD/Training/Abstract-Quilted_Drawstring_Hoodie/img_00000046.jpg,12,71,193,281,1
/content/drive/My Drive/Capstone project/SSD/Training/Abstract_Dot_Off-the-Shoulder_Top/img_00000003.jpg,20,86,151,281,1
/content/drive/My Drive/Capstone project/SSD/Training/Abstract_Dot_Off-the-Shoulder_Top/img_00000004.jpg,30,79,188,270,1
/content/drive/My Drive/Capstone project/SSD/Training/Abstract_Dot_Off-the-Shoulder_Top/img_00000007.jpg,35,76,165,172,1
/content/drive/My Drive/Capstone project/SSD/Training/Abstract_Dot_Off-the-Shoulder_Top/img_00000008.jpg,29,98,180,236,1
/content/drive/My Drive/Capstone project/SSD/Training/Abstract_Dot_Off-the-Shoulder_Top/img_00000009.jpg,83,96,232,216,1
/content/drive/My Drive/Capstone project/SSD/Training/Abstract_Dot_Off-the-Shoulder_Top/img_00000010.jpg,35,79,160,251,1
/content/drive/My Drive/Capstone project/SSD/Training/Abstract_Dot_Off-the-Shoulder_Top/img_00000011.jpg,10,73,154,220,1
/content/drive/My Drive/Capstone project/SSD/Training/Abstract_Dot_Off-the-Shoulder_Top/img_00000012.jpg,25,111,141,230,1
/content/drive/My Drive/Capstone project/SSD/Training/Abstract_Dot_Off-the-Shoulder_Top/img_00000015.jpg,37,93,137,157,1
/content/drive/My Drive/Capstone project/SSD/Training/Abstract_Dot_Off-the-Shoulder_Top/img_00000016.jpg,21,93,201,267,1
/content/drive/My Drive/Capstone project/SSD/Training/Abstract_Dot_Off-the-Shoulder_Top/img_00000017.jpg,27,79,193,248,1
/content/drive/My Drive/Capstone project/SSD/Training/Abstract_Dot_Off-the-Shoulder_Top/img_00000019.jpg,16,112,189,256,1
/content/drive/My Drive/Capstone project/SSD/Training/Abstract_Dot_Off-the-Shoulder_Top/img_00000020.jpg,55,88,189,261,1
/content/drive/My Drive/Capstone project/SSD/Training/Abstract_Dot_Off-the-Shoulder_Top/img_00000021.jpg,1,63,167,218,1
/content/drive/My Drive/Capstone project/SSD/Training/Abstract_Dot_Off-the-Shoulder_Top/img_00000022.jpg,107,84,225,271,1
/content/drive/My Drive/Capstone project/SSD/Training/Abstract_Dot_Off-the-Shoulder_Top/img_00000023.jpg,20,74,162,194,1
/content/drive/My Drive/Capstone project/SSD/Training/Abstract_Dot_Off-the-Shoulder_Top/img_00000024.jpg,69,68,158,165,1
/content/drive/My Drive/Capstone project/SSD/Training/Abstract_Dot_Off-the-Shoulder_Top/img_00000026.jpg,111,67,161,264,1
/content/drive/My Drive/Capstone project/SSD/Training/Abstract_Dot_Off-the-Shoulder_Top/img_00000027.jpg,1,88,181,250,1
/content/drive/My Drive/Capstone project/SSD/Training/Abstract_Dot_Off-the-Shoulder_Top/img_00000028.jpg,36,66,163,215,1
/content/drive/My Drive/Capstone project/SSD/Training/Abstract_Dot_Off-the-Shoulder_Top/img_00000029.jpg,15,80,200,271,1
/content/drive/My Drive/Capstone project/SSD/Training/Abstract_Dot_Off-the-Shoulder_Top/img_00000030.jpg,90,66,218,245,1
/content/drive/My Drive/Capstone project/SSD/Training/Abstract_Dot_Off-the-Shoulder_Top/img_00000032.jpg,5,34,46,71,1
/content/drive/My Drive/Capstone project/SSD/Training/Abstract_Dot_Off-the-Shoulder_Top/img_00000033.jpg,16,101,177,280,1
/content/drive/My Drive/Capstone project/SSD/Training/Abstract_Dot_Off-the-Shoulder_Top/img_00000034.jpg,68,104,183,225,1
/content/drive/My Drive/Capstone project/SSD/Training/Abstract_Dot_Off-the-Shoulder_Top/img_00000035.jpg,39,94,183,203,1
/content/drive/My Drive/Capstone project/SSD/Training/Abstract_Dot_Off-the-Shoulder_Top/img_00000036.jpg,45,114,181,177,1
/content/drive/My Drive/Capstone project/SSD/Training/Abstract_Dot_Off-the-Shoulder_Top/img_00000037.jpg,39,57,164,213,1
/content/drive/My Drive/Capstone project/SSD/Training/Abstract_Dot_Off-the-Shoulder_Top/img_00000038.jpg,33,88,196,275,1
/content/drive/My Drive/Capstone project/SSD/Training/Abstract_Floral_Fringe_Crop_Top/img_00000001.jpg,86,62,150,127,1
/content/drive/My Drive/Capstone project/SSD/Training/Abstract_Floral_Fringe_Crop_Top/img_00000003.jpg,5,58,150,226,1
/content/drive/My Drive/Capstone project/SSD/Training/Abstract_Floral_Fringe_Crop_Top/img_00000004.jpg,45,59,134,181,1
/content/drive/My Drive/Capstone project/SSD/Training/Abstract_Floral_Fringe_Crop_Top/img_00000005.jpg,50,55,145,117,1
/content/drive/My Drive/Capstone project/SSD/Training/Abstract_Floral_Fringe_Crop_Top/img_00000006.jpg,35,81,81,153,1
/content/drive/My Drive/Capstone project/SSD/Training/Abstract_Floral_Fringe_Crop_Top/img_00000008.jpg,80,49,142,105,1
/content/drive/My Drive/Capstone project/SSD/Training/Abstract_Floral_Fringe_Crop_Top/img_00000009.jpg,53,55,135,133,1
/content/drive/My Drive/Capstone project/SSD/Training/Abstract_Floral_Fringe_Crop_Top/img_00000010.jpg,55,60,162,195,1
/content/drive/My Drive/Capstone project/SSD/Training/Abstract_Floral_Fringe_Crop_Top/img_00000011.jpg,97,72,206,158,1
/content/drive/My Drive/Capstone project/SSD/Training/Abstract_Floral_Fringe_Crop_Top/img_00000012.jpg,68,92,153,212,1
/content/drive/My Drive/Capstone project/SSD/Training/Abstract_Floral_Fringe_Crop_Top/img_00000013.jpg,52,56,154,164,1
/content/drive/My Drive/Capstone project/SSD/Training/Abstract_Floral_Fringe_Crop_Top/img_00000014.jpg,59,42,161,136,1
/content/drive/My Drive/Capstone project/SSD/Training/Abstract_Floral_Fringe_Crop_Top/img_00000016.jpg,48,96,161,183,1
/content/drive/My Drive/Capstone project/SSD/Training/Abstract_Floral_Fringe_Crop_Top/img_00000017.jpg,42,71,174,167,1
/content/drive/My Drive/Capstone project/SSD/Training/Abstract_Floral_Fringe_Crop_Top/img_00000018.jpg,1,72,170,135,1
/content/drive/My Drive/Capstone project/SSD/Training/Abstract_Floral_Fringe_Crop_Top/img_00000019.jpg,51,54,111,117,1
/content/drive/My Drive/Capstone project/SSD/Training/Abstract_Floral_Fringe_Crop_Top/img_00000020.jpg,93,59,209,144,1
/content/drive/My Drive/Capstone project/SSD/Training/Abstract_Floral_Fringe_Crop_Top/img_00000021.jpg,51,74,205,221,1
/content/drive/My Drive/Capstone project/SSD/Training/Abstract_Floral_Fringe_Crop_Top/img_00000022.jpg,101,72,193,152,1
/content/drive/My Drive/Capstone project/SSD/Training/Abstract_Floral_Fringe_Crop_Top/img_00000025.jpg,56,51,138,109,1
/content/drive/My Drive/Capstone project/SSD/Training/Abstract_Floral_Fringe_Crop_Top/img_00000026.jpg,38,58,94,116,1
/content/drive/My Drive/Capstone project/SSD/Training/Abstract_Floral_Fringe_Crop_Top/img_00000027.jpg,31,67,182,290,1
/content/drive/My Drive/Capstone project/SSD/Training/Abstract_Floral_Fringe_Crop_Top/img_00000028.jpg,72,102,232,182,1
/content/drive/My Drive/Capstone project/SSD/Training/Abstract_Floral_Fringe_Crop_Top/img_00000031.jpg,129,106,184,229,1
/content/drive/My Drive/Capstone project/SSD/Training/Abstract_Floral_Fringe_Crop_Top/img_00000032.jpg,48,79,139,198,1
/content/drive/My Drive/Capstone project/SSD/Training/Abstract_Floral_Fringe_Crop_Top/img_00000033.jpg,63,89,164,184,1
/content/drive/My Drive/Capstone project/SSD/Training/Abstract_Floral_Fringe_Crop_Top/img_00000034.jpg,59,110,123,227,1
/content/drive/My Drive/Capstone project/SSD/Training/Abstract_Floral_Fringe_Crop_Top/img_00000036.jpg,60,68,130,130,1
/content/drive/My Drive/Capstone project/SSD/Training/Abstract_Floral_Fringe_Crop_Top/img_00000037.jpg,61,80,157,175,1
/content/drive/My Drive/Capstone project/SSD/Training/Abstract_Floral_Fringe_Crop_Top/img_00000038.jpg,70,64,125,106,1
/content/drive/My Drive/Capstone project/SSD/Training/Abstract_Floral_Fringe_Crop_Top/img_00000039.jpg,57,85,145,185,1
/content/drive/My Drive/Capstone project/SSD/Training/Abstract_Floral_Fringe_Crop_Top/img_00000040.jpg,38,86,187,270,1
/content/drive/My Drive/Capstone project/SSD/Training/Abstract_Floral_Fringe_Crop_Top/img_00000042.jpg,109,73,203,197,1
/content/drive/My Drive/Capstone project/SSD/Training/Abstract_Floral_Fringe_Crop_Top/img_00000044.jpg,1,68,205,300,1
/content/drive/My Drive/Capstone project/SSD/Training/Abstract_Floral_Fringe_Crop_Top/img_00000045.jpg,116,93,202,166,1
/content/drive/My Drive/Capstone project/SSD/Training/Abstract_Floral_Fringe_Crop_Top/img_00000047.jpg,11,65,205,223,1
/content/drive/My Drive/Capstone project/SSD/Training/Abstract_Floral_Fringe_Crop_Top/img_00000049.jpg,21,83,189,250,1
/content/drive/My Drive/Capstone project/SSD/Training/Abstract_Floral_Fringe_Crop_Top/img_00000050.jpg,56,54,157,122,1
/content/drive/My Drive/Capstone project/SSD/Training/Abstract_Floral_Fringe_Crop_Top/img_00000051.jpg,54,40,150,164,1
/content/drive/My Drive/Capstone project/SSD/Training/Abstract_Floral_Fringe_Crop_Top/img_00000052.jpg,54,65,139,116,1
/content/drive/My Drive/Capstone project/SSD/Training/Abstract_Floral_Fringe_Crop_Top/img_00000053.jpg,71,75,174,209,1
/content/drive/My Drive/Capstone project/SSD/Training/Abstract_Floral_Fringe_Crop_Top/img_00000054.jpg,70,50,135,107,1
/content/drive/My Drive/Capstone project/SSD/Training/Abstract_Floral_Print_Poncho/img_00000002.jpg,33,74,207,300,1
/content/drive/My Drive/Capstone project/SSD/Training/Abstract_Floral_Print_Poncho/img_00000003.jpg,37,76,191,245,1
/content/drive/My Drive/Capstone project/SSD/Training/Abstract_Floral_Print_Poncho/img_00000004.jpg,17,61,189,270,1
/content/drive/My Drive/Capstone project/SSD/Training/Abstract_Floral_Print_Poncho/img_00000005.jpg,1,96,124,170,1
/content/drive/My Drive/Capstone project/SSD/Training/Abstract_Floral_Print_Poncho/img_00000009.jpg,41,39,209,217,1
/content/drive/My Drive/Capstone project/SSD/Training/Abstract_Floral_Print_Poncho/img_00000010.jpg,27,61,225,300,1
/content/drive/My Drive/Capstone project/SSD/Training/Abstract_Floral_Print_Poncho/img_00000012.jpg,53,33,154,217,1
/content/drive/My Drive/Capstone project/SSD/Training/Abstract_Floral_Print_Poncho/img_00000013.jpg,97,32,206,245,1
/content/drive/My Drive/Capstone project/SSD/Training/Abstract_Floral_Print_Poncho/img_00000015.jpg,45,65,201,259,1
/content/drive/My Drive/Capstone project/SSD/Training/Abstract_Floral_Print_Poncho/img_00000016.jpg,10,52,189,243,1
/content/drive/My Drive/Capstone project/SSD/Training/Abstract_Floral_Print_Poncho/img_00000017.jpg,31,63,240,300,1
/content/drive/My Drive/Capstone project/SSD/Training/Abstract_Floral_Print_Poncho/img_00000018.jpg,1,36,150,300,1
/content/drive/My Drive/Capstone project/SSD/Training/Abstract_Floral_Print_Poncho/img_00000019.jpg,12,55,179,250,1
/content/drive/My Drive/Capstone project/SSD/Training/Abstract_Floral_Print_Poncho/img_00000021.jpg,27,83,230,252,1
/content/drive/My Drive/Capstone project/SSD/Training/Abstract_Floral_Print_Poncho/img_00000022.jpg,48,35,106,299,1
/content/drive/My Drive/Capstone project/SSD/Training/Abstract_Floral_Print_Poncho/img_00000023.jpg,15,71,179,245,1
/content/drive/My Drive/Capstone project/SSD/Training/Abstract_Floral_Print_Poncho/img_00000024.jpg,13,83,239,258,1
/content/drive/My Drive/Capstone project/SSD/Training/Abstract_Floral_Print_Poncho/img_00000025.jpg,39,46,191,250,1
/content/drive/My Drive/Capstone project/SSD/Training/Abstract_Floral_Print_Poncho/img_00000026.jpg,39,73,193,264,1
/content/drive/My Drive/Capstone project/SSD/Training/Abstract_Floral_Print_Poncho/img_00000027.jpg,35,78,210,296,1
/content/drive/My Drive/Capstone project/SSD/Training/Abstract_Floral_Print_Poncho/img_00000028.jpg,14,64,194,300,1
/content/drive/My Drive/Capstone project/SSD/Training/Abstract_Floral_Print_Poncho/img_00000030.jpg,28,75,208,244,1
/content/drive/My Drive/Capstone project/SSD/Training/Abstract_Floral_Print_Poncho/img_00000032.jpg,61,53,204,249,1
/content/drive/My Drive/Capstone project/SSD/Training/Abstract_Floral_Print_Poncho/img_00000033.jpg,61,78,265,284,1
/content/drive/My Drive/Capstone project/SSD/Training/Abstract_Floral_Print_Poncho/img_00000034.jpg,37,56,176,242,1
/content/drive/My Drive/Capstone project/SSD/Training/Abstract_Floral_Print_Poncho/img_00000035.jpg,22,91,183,287,1
/content/drive/My Drive/Capstone project/SSD/Training/Abstract_Floral_Print_Poncho/img_00000036.jpg,24,51,173,250,1
/content/drive/My Drive/Capstone project/SSD/Training/Abstract_Floral_Print_Poncho/img_00000037.jpg,72,62,124,113,1
/content/drive/My Drive/Capstone project/SSD/Training/Abstract_Floral_Print_Poncho/img_00000038.jpg,40,63,190,300,1
/content/drive/My Drive/Capstone project/SSD/Training/Button-Tab_Ankle_Chinos/img_00000001.jpg,64,1,186,229,2
/content/drive/My Drive/Capstone project/SSD/Training/Button-Tab_Ankle_Chinos/img_00000003.jpg,39,1,146,236,2
/content/drive/My Drive/Capstone project/SSD/Training/Button-Tab_Ankle_Chinos/img_00000004.jpg,49,1,185,279,2
/content/drive/My Drive/Capstone project/SSD/Training/Button-Tab_Ankle_Chinos/img_00000005.jpg,71,23,160,219,2
/content/drive/My Drive/Capstone project/SSD/Training/Button-Tab_Ankle_Chinos/img_00000006.jpg,37,1,201,284,2
/content/drive/My Drive/Capstone project/SSD/Training/Button-Tab_Ankle_Chinos/img_00000008.jpg,32,1,160,255,2
/content/drive/My Drive/Capstone project/SSD/Training/Button-Tab_Ankle_Chinos/img_00000009.jpg,49,1,141,269,2
/content/drive/My Drive/Capstone project/SSD/Training/Button-Tab_Ankle_Chinos/img_00000011.jpg,69,11,170,271,2
/content/drive/My Drive/Capstone project/SSD/Training/Button-Tab_Ankle_Chinos/img_00000012.jpg,39,1,159,276,2
/content/drive/My Drive/Capstone project/SSD/Training/Button-Tab_Ankle_Chinos/img_00000013.jpg,19,3,180,247,2
/content/drive/My Drive/Capstone project/SSD/Training/Button-Tab_Ankle_Chinos/img_00000015.jpg,83,1,133,288,2
/content/drive/My Drive/Capstone project/SSD/Training/Button-Tab_Ankle_Chinos/img_00000016.jpg,92,1,213,270,2
/content/drive/My Drive/Capstone project/SSD/Training/Button-Tab_Ankle_Chinos/img_00000017.jpg,44,1,140,288,2
/content/drive/My Drive/Capstone project/SSD/Training/Button-Tab_Ankle_Chinos/img_00000018.jpg,46,1,154,282,2
/content/drive/My Drive/Capstone project/SSD/Training/Button-Tab_Ankle_Chinos/img_00000021.jpg,43,1,207,255,2
/content/drive/My Drive/Capstone project/SSD/Training/Button-Tab_Ankle_Chinos/img_00000022.jpg,53,1,153,259,2
/content/drive/My Drive/Capstone project/SSD/Training/Button-Tab_Ankle_Chinos/img_00000023.jpg,39,4,141,270,2
/content/drive/My Drive/Capstone project/SSD/Training/Button-Tab_Ankle_Chinos/img_00000024.jpg,54,1,149,239,2
/content/drive/My Drive/Capstone project/SSD/Training/Button-Tab_Ankle_Chinos/img_00000025.jpg,38,5,159,99,2
/content/drive/My Drive/Capstone project/SSD/Training/Button-Tab_Ankle_Chinos/img_00000027.jpg,1,125,190,278,2
/content/drive/My Drive/Capstone project/SSD/Training/Button-Tab_Ankle_Chinos/img_00000028.jpg,65,1,175,256,2
/content/drive/My Drive/Capstone project/SSD/Training/Button-Tab_Ankle_Chinos/img_00000029.jpg,40,21,172,267,2
/content/drive/My Drive/Capstone project/SSD/Training/Button-Tab_Ankle_Chinos/img_00000030.jpg,62,1,165,267,2
/content/drive/My Drive/Capstone project/SSD/Training/Button-Tab_Ankle_Chinos/img_00000031.jpg,77,6,205,81,2
/content/drive/My Drive/Capstone project/SSD/Training/Button-Tab_Ankle_Chinos/img_00000032.jpg,58,37,166,291,2
/content/drive/My Drive/Capstone project/SSD/Training/Button-Tab_Ankle_Chinos/img_00000035.jpg,65,1,167,266,2
/content/drive/My Drive/Capstone project/SSD/Training/Button-Tab_Ankle_Chinos/img_00000036.jpg,51,29,160,260,2
/content/drive/My Drive/Capstone project/SSD/Training/Button-Tab_Ankle_Chinos/img_00000037.jpg,63,1,169,255,2
/content/drive/My Drive/Capstone project/SSD/Training/Button-Tab_Ankle_Chinos/img_00000038.jpg,36,1,173,219,2
/content/drive/My Drive/Capstone project/SSD/Training/Button-Tab_Ankle_Chinos/img_00000039.jpg,40,1,171,220,2
/content/drive/My Drive/Capstone project/SSD/Training/Button-Tab_Ankle_Chinos/img_00000040.jpg,50,1,202,257,2
/content/drive/My Drive/Capstone project/SSD/Training/Button-Tab_Ankle_Chinos/img_00000041.jpg,94,31,214,287,2
/content/drive/My Drive/Capstone project/SSD/Training/Button-Tab_Ankle_Chinos/img_00000042.jpg,23,41,166,267,2
/content/drive/My Drive/Capstone project/SSD/Training/Button-Tab_Ankle_Chinos/img_00000044.jpg,60,1,174,273,2
/content/drive/My Drive/Capstone project/SSD/Training/Button-Tab_Ankle_Chinos/img_00000045.jpg,72,1,174,276,2
/content/drive/My Drive/Capstone project/SSD/Training/Button-Tab_Ankle_Chinos/img_00000046.jpg,33,1,155,300,2
/content/drive/My Drive/Capstone project/SSD/Training/Button-Tab_Ankle_Chinos/img_00000048.jpg,37,1,157,281,2
/content/drive/My Drive/Capstone project/SSD/Training/Button-Tab_Ankle_Chinos/img_00000049.jpg,53,1,148,236,2
/content/drive/My Drive/Capstone project/SSD/Training/Button-Tab_Ankle_Chinos/img_00000050.jpg,46,1,162,243,2
/content/drive/My Drive/Capstone project/SSD/Training/Button-Tab_Ankle_Chinos/img_00000051.jpg,73,1,176,277,2
/content/drive/My Drive/Capstone project/SSD/Training/Button-Tab_Ankle_Chinos/img_00000052.jpg,69,115,143,281,2
/content/drive/My Drive/Capstone project/SSD/Training/Button-Tab_Ankle_Chinos/img_00000053.jpg,60,1,178,273,2
/content/drive/My Drive/Capstone project/SSD/Training/Button-Tab_Ankle_Chinos/img_00000054.jpg,97,1,205,254,2
/content/drive/My Drive/Capstone project/SSD/Training/Button-Tab_Ankle_Chinos/img_00000055.jpg,65,1,173,263,2
/content/drive/My Drive/Capstone project/SSD/Training/Button-Tab_Ankle_Chinos/img_00000056.jpg,96,1,206,267,2
/content/drive/My Drive/Capstone project/SSD/Training/Button-Tab_Ankle_Chinos/img_00000057.jpg,71,32,167,286,2
/content/drive/My Drive/Capstone project/SSD/Training/Button-Tab_Ankle_Chinos/img_00000058.jpg,97,24,205,278,2
/content/drive/My Drive/Capstone project/SSD/Training/Button-Tab_Ankle_Chinos/img_00000062.jpg,92,1,217,243,2
/content/drive/My Drive/Capstone project/SSD/Training/Button-Tab_Ankle_Chinos/img_00000063.jpg,82,1,224,256,2
/content/drive/My Drive/Capstone project/SSD/Training/Button-Tab_Ankle_Chinos/img_00000064.jpg,100,1,202,247,2
/content/drive/My Drive/Capstone project/SSD/Training/Button-Tab_Ankle_Chinos/img_00000065.jpg,49,1,158,276,2
/content/drive/My Drive/Capstone project/SSD/Training/Acid_Wash_Jeggings/img_00000001.jpg,99,1,207,300,2
/content/drive/My Drive/Capstone project/SSD/Training/Acid_Wash_Jeggings/img_00000002.jpg,31,1,192,280,2
/content/drive/My Drive/Capstone project/SSD/Training/Acid_Wash_Jeggings/img_00000003.jpg,57,1,182,260,2
/content/drive/My Drive/Capstone project/SSD/Training/Acid_Wash_Jeggings/img_00000004.jpg,86,1,214,300,2
/content/drive/My Drive/Capstone project/SSD/Training/Acid_Wash_Jeggings/img_00000005.jpg,82,1,220,277,2
/content/drive/My Drive/Capstone project/SSD/Training/Acid_Wash_Jeggings/img_00000006.jpg,85,1,219,300,2
/content/drive/My Drive/Capstone project/SSD/Training/Acid_Wash_Jeggings/img_00000007.jpg,91,106,192,290,2
/content/drive/My Drive/Capstone project/SSD/Training/Acid_Wash_Jeggings/img_00000009.jpg,58,18,142,275,2
/content/drive/My Drive/Capstone project/SSD/Training/Acid_Wash_Jeggings/img_00000011.jpg,42,1,144,264,2
/content/drive/My Drive/Capstone project/SSD/Training/Acid_Wash_Jeggings/img_00000012.jpg,30,1,131,260,2
/content/drive/My Drive/Capstone project/SSD/Training/Acid_Wash_Jeggings/img_00000013.jpg,28,1,146,289,2
/content/drive/My Drive/Capstone project/SSD/Training/Acid_Wash_Jeggings/img_00000014.jpg,66,1,174,279,2
/content/drive/My Drive/Capstone project/SSD/Training/Acid_Wash_Jeggings/img_00000015.jpg,1,1,173,295,2
/content/drive/My Drive/Capstone project/SSD/Training/Acid_Wash_Jeggings/img_00000017.jpg,96,1,209,300,2
/content/drive/My Drive/Capstone project/SSD/Training/Acid_Wash_Jeggings/img_00000019.jpg,52,1,174,260,2
/content/drive/My Drive/Capstone project/SSD/Training/Acid_Wash_Jeggings/img_00000020.jpg,44,1,150,289,2
/content/drive/My Drive/Capstone project/SSD/Training/Acid_Wash_Jeggings/img_00000021.jpg,18,1,82,277,2
/content/drive/My Drive/Capstone project/SSD/Training/Acid_Wash_Jeggings/img_00000022.jpg,85,1,239,277,2
/content/drive/My Drive/Capstone project/SSD/Training/Acid_Wash_Jeggings/img_00000023.jpg,38,1,116,276,2
/content/drive/My Drive/Capstone project/SSD/Training/Acid_Wash_Jeggings/img_00000025.jpg,76,103,168,281,2
/content/drive/My Drive/Capstone project/SSD/Training/Acid_Wash_Jeggings/img_00000026.jpg,103,8,205,246,2
/content/drive/My Drive/Capstone project/SSD/Training/Acid_Wash_Jeggings/img_00000027.jpg,75,1,149,286,2
/content/drive/My Drive/Capstone project/SSD/Training/Acid_Wash_Jeggings/img_00000028.jpg,54,107,113,265,2
/content/drive/My Drive/Capstone project/SSD/Training/Acid_Wash_Jeggings/img_00000029.jpg,59,1,186,300,2
/content/drive/My Drive/Capstone project/SSD/Training/Acid_Wash_Jeggings/img_00000030.jpg,43,1,161,300,2
/content/drive/My Drive/Capstone project/SSD/Training/Acid_Wash_Jeggings/img_00000031.jpg,111,1,185,300,2
/content/drive/My Drive/Capstone project/SSD/Training/Acid_Wash_Jeggings/img_00000032.jpg,109,1,194,236,2
/content/drive/My Drive/Capstone project/SSD/Training/Acid_Wash_Jeggings/img_00000033.jpg,62,129,139,273,2
/content/drive/My Drive/Capstone project/SSD/Training/Acid_Wash_Jeggings/img_00000035.jpg,119,123,186,234,2
/content/drive/My Drive/Capstone project/SSD/Training/Acid_Wash_Jeggings/img_00000037.jpg,42,89,178,284,2
/content/drive/My Drive/Capstone project/SSD/Training/Acid_Wash_Jeggings/img_00000040.jpg,251,57,286,127,2
/content/drive/My Drive/Capstone project/SSD/Training/Acid_Wash_Jeggings/img_00000041.jpg,1,1,143,279,2
/content/drive/My Drive/Capstone project/SSD/Training/Acid_Wash_Jeggings/img_00000042.jpg,77,1,101,277,2
/content/drive/My Drive/Capstone project/SSD/Training/Acid_Wash_Jeggings/img_00000043.jpg,82,1,120,258,2
/content/drive/My Drive/Capstone project/SSD/Training/Acid_Wash_Jeggings/img_00000044.jpg,5,1,125,265,2
/content/drive/My Drive/Capstone project/SSD/Training/Acid_Wash_Jeggings/img_00000045.jpg,1,1,110,300,2
/content/drive/My Drive/Capstone project/SSD/Training/Acid_Wash_Jeggings/img_00000046.jpg,48,25,154,271,2
/content/drive/My Drive/Capstone project/SSD/Training/Acid_Wash_Jeggings/img_00000048.jpg,88,96,130,281,2
/content/drive/My Drive/Capstone project/SSD/Training/Acid_Wash_Jeggings/img_00000049.jpg,70,1,152,280,2
/content/drive/My Drive/Capstone project/SSD/Training/Acid_Wash_Jeggings/img_00000050.jpg,193,107,270,293,2
/content/drive/My Drive/Capstone project/SSD/Training/Acid_Wash_Jeggings/img_00000051.jpg,97,1,199,270,2
/content/drive/My Drive/Capstone project/SSD/Training/Acid_Wash_Jeggings/img_00000052.jpg,36,1,130,272,2
/content/drive/My Drive/Capstone project/SSD/Training/Acid_Wash_Jeggings/img_00000053.jpg,44,4,160,268,2
/content/drive/My Drive/Capstone project/SSD/Training/Acid_Wash_Jeggings/img_00000054.jpg,61,1,167,264,2
/content/drive/My Drive/Capstone project/SSD/Training/Acid_Wash_Jeggings/img_00000055.jpg,94,1,212,300,2
/content/drive/My Drive/Capstone project/SSD/Training/Acid_Wash_Jeggings/img_00000056.jpg,147,26,196,175,2
/content/drive/My Drive/Capstone project/SSD/Training/Acid_Wash_Jeggings/img_00000058.jpg,81,101,146,286,2
/content/drive/My Drive/Capstone project/SSD/Training/Acid_Wash_Jeggings/img_00000059.jpg,45,9,161,275,2
/content/drive/My Drive/Capstone project/SSD/Training/Acid_Wash_Jeggings/img_00000060.jpg,11,1,193,296,2
/content/drive/My Drive/Capstone project/SSD/Training/Acid_Wash_Jeggings/img_00000061.jpg,88,17,180,292,2
/content/drive/My Drive/Capstone project/SSD/Training/Acid_Wash_Jeggings/img_00000062.jpg,54,1,155,275,2
/content/drive/My Drive/Capstone project/SSD/Training/Acid_Wash_Jeggings/img_00000063.jpg,114,74,186,300,2
/content/drive/My Drive/Capstone project/SSD/Training/Acid_Wash_Jeggings/img_00000064.jpg,60,1,160,271,2
/content/drive/My Drive/Capstone project/SSD/Training/Acid_Wash_Jeggings/img_00000065.jpg,56,1,133,253,2
/content/drive/My Drive/Capstone project/SSD/Training/Acid_Wash_Jeggings/img_00000066.jpg,51,1,161,282,2
/content/drive/My Drive/Capstone project/SSD/Training/Acid_Wash_Jeggings/img_00000067.jpg,67,126,119,284,2
/content/drive/My Drive/Capstone project/SSD/Training/Acid_Wash_Jeggings/img_00000068.jpg,88,1,174,279,2
/content/drive/My Drive/Capstone project/SSD/Training/Acid_Wash_Jeggings/img_00000069.jpg,21,63,124,270,2
/content/drive/My Drive/Capstone project/SSD/Training/Acid_Wash_Jeggings/img_00000071.jpg,67,1,176,264,2
/content/drive/My Drive/Capstone project/SSD/Training/Acid_Wash_Jeggings/img_00000072.jpg,59,115,136,273,2
/content/drive/My Drive/Capstone project/SSD/Training/Topstitched_Jodhpurs/img_00000001.jpg,63,117,149,251,2
/content/drive/My Drive/Capstone project/SSD/Training/Topstitched_Jodhpurs/img_00000004.jpg,81,89,143,272,2
/content/drive/My Drive/Capstone project/SSD/Training/Topstitched_Jodhpurs/img_00000005.jpg,1,127,200,300,2
/content/drive/My Drive/Capstone project/SSD/Training/Topstitched_Jodhpurs/img_00000006.jpg,1,185,205,300,2
/content/drive/My Drive/Capstone project/SSD/Training/Topstitched_Jodhpurs/img_00000008.jpg,42,115,134,261,2
/content/drive/My Drive/Capstone project/SSD/Training/Topstitched_Jodhpurs/img_00000009.jpg,87,97,110,290,2
/content/drive/My Drive/Capstone project/SSD/Training/Topstitched_Jodhpurs/img_00000012.jpg,56,103,136,266,2
/content/drive/My Drive/Capstone project/SSD/Training/Topstitched_Jodhpurs/img_00000013.jpg,4,91,112,270,2
/content/drive/My Drive/Capstone project/SSD/Training/Topstitched_Jodhpurs/img_00000014.jpg,57,101,160,270,2
/content/drive/My Drive/Capstone project/SSD/Training/Topstitched_Jodhpurs/img_00000016.jpg,87,117,145,277,2
/content/drive/My Drive/Capstone project/SSD/Training/Topstitched_Jodhpurs/img_00000018.jpg,149,99,207,273,2
/content/drive/My Drive/Capstone project/SSD/Training/Topstitched_Jodhpurs/img_00000020.jpg,50,19,150,278,2
/content/drive/My Drive/Capstone project/SSD/Training/Topstitched_Jodhpurs/img_00000022.jpg,49,112,137,279,2
/content/drive/My Drive/Capstone project/SSD/Training/Topstitched_Jodhpurs/img_00000023.jpg,1,18,200,277,2
/content/drive/My Drive/Capstone project/SSD/Training/Topstitched_Jodhpurs/img_00000024.jpg,133,121,170,281,2
/content/drive/My Drive/Capstone project/SSD/Training/Topstitched_Jodhpurs/img_00000025.jpg,42,88,136,300,2
/content/drive/My Drive/Capstone project/SSD/Training/Topstitched_Jodhpurs/img_00000026.jpg,48,121,139,293,2
/content/drive/My Drive/Capstone project/SSD/Training/Topstitched_Jodhpurs/img_00000027.jpg,119,111,177,278,2
/content/drive/My Drive/Capstone project/SSD/Training/Topstitched_Jodhpurs/img_00000028.jpg,1,187,204,300,2
/content/drive/My Drive/Capstone project/SSD/Training/Topstitched_Jodhpurs/img_00000029.jpg,60,87,118,151,2
/content/drive/My Drive/Capstone project/SSD/Training/Topstitched_Jodhpurs/img_00000030.jpg,1,121,106,170,2
/content/drive/My Drive/Capstone project/SSD/Training/Topstitched_Jodhpurs/img_00000031.jpg,66,106,143,259,2
/content/drive/My Drive/Capstone project/SSD/Training/Topstitched_Jodhpurs/img_00000032.jpg,110,123,158,285,2
/content/drive/My Drive/Capstone project/SSD/Training/Topstitched_Jodhpurs/img_00000033.jpg,1,141,200,300,2
/content/drive/My Drive/Capstone project/SSD/Training/Topstitched_Jodhpurs/img_00000034.jpg,57,1,142,269,2
/content/drive/My Drive/Capstone project/SSD/Training/Topstitched_Jodhpurs/img_00000035.jpg,50,1,158,280,2
/content/drive/My Drive/Capstone project/SSD/Training/Topstitched_Jodhpurs/img_00000037.jpg,87,106,101,279,2
/content/drive/My Drive/Capstone project/SSD/Training/Topstitched_Jodhpurs/img_00000038.jpg,1,202,200,300,2
/content/drive/My Drive/Capstone project/SSD/Training/Topstitched_Jodhpurs/img_00000039.jpg,245,1,300,143,2
/content/drive/My Drive/Capstone project/SSD/Training/Topstitched_Jodhpurs/img_00000042.jpg,77,85,125,227,2
/content/drive/My Drive/Capstone project/SSD/Training/Topstitched_Jodhpurs/img_00000043.jpg,79,101,135,272,2
/content/drive/My Drive/Capstone project/SSD/Training/Topstitched_Jodhpurs/img_00000045.jpg,72,101,128,273,2
/content/drive/My Drive/Capstone project/SSD/Training/Tile_Print_Drawstring_Caftan/img_00000001.jpg,1,1,300,300,3
/content/drive/My Drive/Capstone project/SSD/Training/Tile_Print_Drawstring_Caftan/img_00000002.jpg,258,188,300,295,3
/content/drive/My Drive/Capstone project/SSD/Training/Tile_Print_Drawstring_Caftan/img_00000003.jpg,15,1,233,297,3
/content/drive/My Drive/Capstone project/SSD/Training/Tile_Print_Drawstring_Caftan/img_00000004.jpg,57,1,194,263,3
/content/drive/My Drive/Capstone project/SSD/Training/Tile_Print_Drawstring_Caftan/img_00000005.jpg,34,48,179,286,3
/content/drive/My Drive/Capstone project/SSD/Training/Tile_Print_Drawstring_Caftan/img_00000006.jpg,5,1,300,300,3
/content/drive/My Drive/Capstone project/SSD/Training/Tile_Print_Drawstring_Caftan/img_00000007.jpg,1,7,189,290,3
/content/drive/My Drive/Capstone project/SSD/Training/Tile_Print_Drawstring_Caftan/img_00000008.jpg,27,1,279,300,3
/content/drive/My Drive/Capstone project/SSD/Training/Tile_Print_Drawstring_Caftan/img_00000011.jpg,107,36,203,253,3
/content/drive/My Drive/Capstone project/SSD/Training/Tile_Print_Drawstring_Caftan/img_00000012.jpg,25,1,289,300,3
/content/drive/My Drive/Capstone project/SSD/Training/Tile_Print_Drawstring_Caftan/img_00000013.jpg,42,32,150,296,3
/content/drive/My Drive/Capstone project/SSD/Training/Tile_Print_Drawstring_Caftan/img_00000016.jpg,46,51,218,300,3
/content/drive/My Drive/Capstone project/SSD/Training/Tile_Print_Drawstring_Caftan/img_00000018.jpg,85,37,221,190,3
/content/drive/My Drive/Capstone project/SSD/Training/Tile_Print_Drawstring_Caftan/img_00000020.jpg,54,21,205,300,3
/content/drive/My Drive/Capstone project/SSD/Training/Tile_Print_Drawstring_Caftan/img_00000021.jpg,93,36,166,187,3
/content/drive/My Drive/Capstone project/SSD/Training/Tile_Print_Drawstring_Caftan/img_00000022.jpg,52,32,170,278,3
/content/drive/My Drive/Capstone project/SSD/Training/Tile_Print_Drawstring_Caftan/img_00000023.jpg,20,3,148,210,3
/content/drive/My Drive/Capstone project/SSD/Training/Tile_Print_Drawstring_Caftan/img_00000024.jpg,53,39,226,244,3
/content/drive/My Drive/Capstone project/SSD/Training/Tile_Print_Drawstring_Caftan/img_00000030.jpg,79,24,231,300,3
/content/drive/My Drive/Capstone project/SSD/Training/Tile_Print_Drawstring_Caftan/img_00000031.jpg,63,36,202,267,3
/content/drive/My Drive/Capstone project/SSD/Training/Tile_Print_Drawstring_Caftan/img_00000032.jpg,41,1,265,300,3
/content/drive/My Drive/Capstone project/SSD/Training/Tile_Print_Drawstring_Caftan/img_00000033.jpg,43,38,164,234,3
/content/drive/My Drive/Capstone project/SSD/Training/Tile_Print_Drawstring_Caftan/img_00000035.jpg,1,39,106,204,3
/content/drive/My Drive/Capstone project/SSD/Training/Tile_Print_Drawstring_Caftan/img_00000036.jpg,8,46,259,300,3
/content/drive/My Drive/Capstone project/SSD/Training/Tile_Print_Drawstring_Caftan/img_00000037.jpg,81,36,220,300,3
/content/drive/My Drive/Capstone project/SSD/Training/Tile_Print_Drawstring_Caftan/img_00000038.jpg,58,28,146,163,3
/content/drive/My Drive/Capstone project/SSD/Training/Tile_Print_Drawstring_Caftan/img_00000039.jpg,1,36,300,300,3
/content/drive/My Drive/Capstone project/SSD/Training/Tile_Print_Drawstring_Caftan/img_00000040.jpg,47,32,250,272,3
/content/drive/My Drive/Capstone project/SSD/Training/Tile_Print_Drawstring_Caftan/img_00000041.jpg,115,25,187,300,3
/content/drive/My Drive/Capstone project/SSD/Training/Tile_Print_Drawstring_Caftan/img_00000043.jpg,70,53,221,300,3
/content/drive/My Drive/Capstone project/SSD/Training/Tile_Print_Drawstring_Caftan/img_00000044.jpg,1,18,300,300,3
/content/drive/My Drive/Capstone project/SSD/Training/Tile_Print_Drawstring_Caftan/img_00000046.jpg,59,32,244,197,3
/content/drive/My Drive/Capstone project/SSD/Training/Tile_Print_Drawstring_Caftan/img_00000047.jpg,61,60,243,294,3
/content/drive/My Drive/Capstone project/SSD/Training/Tile_Print_Drawstring_Caftan/img_00000048.jpg,1,5,300,300,3
/content/drive/My Drive/Capstone project/SSD/Training/Tile_Print_Drawstring_Caftan/img_00000050.jpg,77,19,213,300,3
/content/drive/My Drive/Capstone project/SSD/Training/Tile_Print_Drawstring_Caftan/img_00000051.jpg,1,1,300,300,3
/content/drive/My Drive/Capstone project/SSD/Training/Tile_Print_Drawstring_Caftan/img_00000052.jpg,12,56,186,300,3
/content/drive/My Drive/Capstone project/SSD/Training/Tile_Print_Drawstring_Caftan/img_00000053.jpg,85,29,207,292,3
/content/drive/My Drive/Capstone project/SSD/Training/Tonal_Plaid_Robe/img_00000001.jpg,51,20,143,219,3
/content/drive/My Drive/Capstone project/SSD/Training/Tonal_Plaid_Robe/img_00000002.jpg,68,25,174,259,3
/content/drive/My Drive/Capstone project/SSD/Training/Tonal_Plaid_Robe/img_00000003.jpg,21,30,142,278,3
/content/drive/My Drive/Capstone project/SSD/Training/Tonal_Plaid_Robe/img_00000004.jpg,105,51,206,206,3
/content/drive/My Drive/Capstone project/SSD/Training/Tonal_Plaid_Robe/img_00000005.jpg,29,19,171,239,3
/content/drive/My Drive/Capstone project/SSD/Training/Tonal_Plaid_Robe/img_00000009.jpg,60,41,211,282,3
/content/drive/My Drive/Capstone project/SSD/Training/Tonal_Plaid_Robe/img_00000012.jpg,55,14,144,181,3
/content/drive/My Drive/Capstone project/SSD/Training/Tonal_Plaid_Robe/img_00000013.jpg,22,47,154,255,3
/content/drive/My Drive/Capstone project/SSD/Training/Tonal_Plaid_Robe/img_00000014.jpg,49,86,158,249,3
/content/drive/My Drive/Capstone project/SSD/Training/Tonal_Plaid_Robe/img_00000015.jpg,56,33,172,234,3
/content/drive/My Drive/Capstone project/SSD/Training/Tonal_Plaid_Robe/img_00000016.jpg,27,34,145,243,3
/content/drive/My Drive/Capstone project/SSD/Training/Tonal_Plaid_Robe/img_00000020.jpg,4,51,176,274,3
/content/drive/My Drive/Capstone project/SSD/Training/Tonal_Plaid_Robe/img_00000021.jpg,1,1,300,300,3
/content/drive/My Drive/Capstone project/SSD/Training/Tonal_Plaid_Robe/img_00000022.jpg,35,18,126,213,3
/content/drive/My Drive/Capstone project/SSD/Training/Tonal_Plaid_Robe/img_00000023.jpg,1,1,200,300,3
/content/drive/My Drive/Capstone project/SSD/Training/Tonal_Plaid_Robe/img_00000024.jpg,28,1,200,280,3
/content/drive/My Drive/Capstone project/SSD/Training/Tonal_Plaid_Robe/img_00000025.jpg,30,56,181,300,3
/content/drive/My Drive/Capstone project/SSD/Training/Tonal_Plaid_Robe/img_00000026.jpg,86,27,144,220,3
/content/drive/My Drive/Capstone project/SSD/Training/Tonal_Plaid_Robe/img_00000027.jpg,1,37,180,220,3
/content/drive/My Drive/Capstone project/SSD/Training/Tonal_Plaid_Robe/img_00000028.jpg,78,38,235,300,3
/content/drive/My Drive/Capstone project/SSD/Training/Tonal_Plaid_Robe/img_00000030.jpg,1,43,180,220,3
/content/drive/My Drive/Capstone project/SSD/Training/Tonal_Plaid_Robe/img_00000031.jpg,1,9,179,300,3
/content/drive/My Drive/Capstone project/SSD/Training/Tonal_Plaid_Robe/img_00000032.jpg,28,34,164,250,3
/content/drive/My Drive/Capstone project/SSD/Training/Tonal_Plaid_Robe/img_00000033.jpg,36,15,247,300,3
